,City,Latitude,Longitude,Cloudiness,Country,Date,Humidity,Max Temp,Wind Speed
0,Kurchum,48.60923071202819,82.35725125391167,32.0,KZ,1522683999.0,83.0,26.99,2.59
1,Albany,-62.02366093194372,117.32709104779326,0.0,AU,1522684007.0,80.0,61.82,11.32
2,Bilma,19.378640850508873,12.774386293495809,0.0,NE,1522683999.0,17.0,93.95,9.75
3,Quatre Cocos,-17.565876441778514,63.46185725526709,75.0,MU,1522681200.0,78.0,82.4,4.7
4,Carnarvon,-23.41698534919165,103.0935190887958,32.0,AU,1522684000.0,94.0,80.36,6.62
5,Rikitea,-57.284556283209575,-138.2434401824436,24.0,PF,1522684000.0,100.0,78.65,8.19
6,Hilo,10.128618591584285,-152.29330113389818,75.0,US,1522680780.0,83.0,69.8,4.7
7,Vao,-27.253048847913696,172.9016702406176,44.0,NC,1522684001.0,99.0,78.47,21.05
8,Thompson,63.873737229878714,-99.8199476309724,20.0,CA,1522681200.0,57.0,-9.41,2.24
9,Atuona,5.325544084539899,-128.680220594244,80.0,PF,1522684009.0,100.0,81.89,17.81
10,Mar del Plata,-65.99877464648439,-26.136886066893936,12.0,AR,1522683945.0,48.0,72.26,23.06
11,Nikolskoye,52.30258059145356,173.08787466028434,90.0,RU,1522681200.0,86.0,39.2,11.18
12,Marsh Harbour,28.64128001073506,-75.39150130136548,32.0,BS,1522684001.0,100.0,73.97,9.98
14,Nador,32.162756750765354,-1.9051639994032143,40.0,MA,1522683000.0,77.0,63.63,10.29
15,Alofi,-21.92508684593068,-171.18146239360854,48.0,NU,1522681200.0,100.0,73.4,5.82
16,Ushuaia,-63.42980848669907,-36.39136257862083,75.0,AR,1522681200.0,87.0,49.19,18.34
17,Port Elizabeth,-69.11626377957862,34.509430598868306,75.0,ZA,1522681380.0,83.0,73.4,26.4
18,Cape Town,-65.0946922360854,-5.092396094388789,20.0,ZA,1522681200.0,68.0,71.6,20.8
19,Tanout,15.715511252812632,8.03203051908352,0.0,NE,1522684011.0,11.0,100.61,4.61
20,Limbang,4.834211560316845,115.19799995195984,75.0,MY,1522683000.0,83.0,79.48,1.12
21,Santa Rosa,-17.289249148242234,-62.01137703055275,68.0,BO,1522684012.0,98.0,52.46,2.15
22,Onega,65.75204010239881,38.31540335968327,92.0,RU,1522684012.0,90.0,32.12,20.6
23,Punta Arenas,-68.49560735231125,-89.41970884682131,90.0,CL,1522681200.0,93.0,50.0,6.93
24,Macapa,0.8843174202684452,-51.585436226102644,40.0,BR,1522681200.0,59.0,91.4,6.93
25,Concordia,-31.480132701963612,-58.94672664870676,75.0,AR,1522681200.0,69.0,75.2,4.7
26,Sitka,51.99720690156002,-143.19013545133794,8.0,US,1522684014.0,61.0,34.37,11.99
27,Grua,60.393958226591536,10.67857216449596,0.0,NO,1522684014.0,63.0,34.73,3.15
28,Busselton,-42.660825326667606,96.34484868760109,0.0,AU,1522684006.0,88.0,72.71,13.44
29,Hambantota,-3.379039418616344,87.01762246155988,48.0,LK,1522684006.0,98.0,84.41,9.19
30,Northam,-30.21344432975154,118.5312801588014,0.0,AU,1522683000.0,50.0,78.8,18.34
31,Baykit,62.36546222927623,94.89473008248484,56.0,RU,1522684006.0,66.0,11.69,9.08
32,Saldanha,-40.14906952057911,-3.0985165642275376,20.0,ZA,1522681200.0,68.0,69.8,11.41
33,Sao Filipe,8.16454164189075,-24.904092468703425,0.0,CV,1522684007.0,91.0,71.9,15.79
34,Bredasdorp,-47.83472950107027,20.008759940267936,92.0,ZA,1522681200.0,64.0,75.2,11.41
35,Severo-Kurilsk,43.24652976199778,161.93944059990793,76.0,RU,1522684007.0,100.0,24.47,7.29
36,Amahai,-2.7804486221969853,130.58008843513085,56.0,ID,1522684016.0,100.0,81.53,6.06
37,Puerto Ayora,-1.185655915401469,-96.54912773704092,40.0,EC,1522681200.0,78.0,80.6,6.93
38,Kavieng,14.345676476234217,153.47903481016363,76.0,PG,1522684008.0,100.0,83.69,9.19
39,Taitung,22.434323710426455,123.11704851674676,44.0,TW,1522684008.0,100.0,67.49,4.27
40,The Valley,22.994394028202223,-61.81983464556997,20.0,AI,1522681200.0,51.0,82.4,9.17
41,Isangel,-18.262735382890938,179.82358571164457,44.0,VU,1522684009.0,100.0,80.72,18.25
42,Ancud,-40.6118970371798,-99.12719208193688,0.0,CL,1522684017.0,81.0,62.0,3.04
43,Kirakira,-15.782610307053872,160.6647003979703,92.0,SB,1522684009.0,100.0,78.92,5.95
44,Saveh,35.31083615745163,50.38468783513028,0.0,IR,1522683755.0,51.0,61.64,2.37
45,Udachnyy,67.97622793912461,114.03273918832019,20.0,RU,1522684009.0,47.0,-2.8,4.5
46,Dolinsk,47.79520679791892,143.85377744462295,40.0,RU,1522681200.0,93.0,37.4,13.42
47,Kapaa,12.546702631183834,-172.06038029809125,75.0,US,1522680960.0,83.0,73.24,12.75
48,East London,-58.80566504293929,43.76720000043025,20.0,ZA,1522681200.0,74.0,78.8,5.82
49,Njombe,-9.565341945875886,34.785273102215,64.0,TZ,1522684019.0,84.0,65.78,6.62
50,Chuy,-61.348552490651116,-26.18702100552673,76.0,UY,1522684011.0,90.0,72.8,11.21
51,Korla,42.525751970882766,85.34546263601521,92.0,CN,1522684011.0,52.0,44.45,8.19
53,Yellowknife,74.38536519415297,-110.11921578685909,40.0,CA,1522681200.0,69.0,-13.01,8.05
54,Shingu,25.786289210210498,137.7631737940464,0.0,JP,1522684020.0,92.0,60.92,9.42
55,Gejiu,22.6074679666484,102.36071542407564,48.0,CN,1522684012.0,94.0,56.15,1.92
56,Dubbo,-31.786684815854343,148.74948348312392,8.0,AU,1522683000.0,56.0,68.0,10.29
57,Butaritari,18.84305215682194,176.1878452851493,24.0,KI,1522684012.0,97.0,83.42,12.77
58,Tuatapere,-46.472935112997526,160.62772282928518,92.0,NZ,1522684021.0,100.0,53.9,22.28
59,Salur,18.464067086394863,83.2846447088429,0.0,IN,1522684013.0,78.0,72.8,2.59
61,Svetlaya,46.84731765170716,139.58764167384408,44.0,RU,1522684021.0,94.0,35.9,18.81
62,Znamenskoye,57.49651527598374,74.17040267480871,44.0,RU,1522684013.0,86.0,23.12,8.63
63,Hithadhoo,-9.100456310617034,73.22425520080958,56.0,MV,1522684013.0,100.0,85.13,10.42
64,Novonikolayevskaya,45.53155717890485,38.445410961305214,56.0,RU,1522684013.0,82.0,53.0,10.54
65,Cerritos,22.21480870604138,-100.41822055791484,75.0,MX,1522680120.0,39.0,64.4,4.16
67,Broome,-14.067210339711579,120.82763522701663,0.0,AU,1522683000.0,89.0,86.0,3.36
68,Zhigansk,71.2905069314155,120.89729298112775,56.0,RU,1522684023.0,67.0,2.42,2.04
69,Iqaluit,57.16156729265896,-70.24175864228992,75.0,CA,1522682700.0,90.0,32.0,32.21
70,Clyde River,73.50402147261869,-69.129979330314,90.0,CA,1522681200.0,85.0,10.4,11.41
71,Souillac,-30.54783262999529,63.438596199554894,75.0,MU,1522681200.0,78.0,82.4,4.7
73,Champerico,11.26982600348336,-93.63531203945055,40.0,GT,1522681200.0,88.0,77.0,1.36
74,Bima,-7.795449520535229,119.47070938161141,0.0,ID,1522684025.0,100.0,75.68,2.26
75,Chokurdakh,71.77228074287049,144.59113145248853,20.0,RU,1522684017.0,31.0,-6.94,5.39
77,Ponta do Sol,31.177958929998923,-18.83390176595347,40.0,PT,1522683000.0,68.0,66.2,5.82
79,Khatanga,89.44680103648682,93.1849390362105,64.0,RU,1522684017.0,74.0,-6.67,11.65
81,Del Rio,29.83667993019111,-101.73289828700031,90.0,US,1522682340.0,88.0,69.8,11.41
82,Lebu,-35.96374489707223,-76.3792231628347,0.0,CL,1522684026.0,92.0,59.03,7.07
83,Vaini,-57.47032437506473,-172.81082604148128,90.0,TO,1522683600.0,100.0,75.2,13.87
84,Jamestown,-49.64747896674851,-17.464776565427172,8.0,SH,1522684018.0,100.0,75.23,14.0
85,Hobart,-48.10741185335273,147.21759862678158,75.0,AU,1522683000.0,58.0,59.0,13.87
86,Morehead,-8.759694457167512,141.10068741580835,36.0,PG,1522684027.0,93.0,77.48,5.84
87,Hermanus,-77.27947796804504,6.622749599261084,48.0,ZA,1522684019.0,62.0,73.25,4.27
88,Wellington,-41.65278869670697,174.60163561228188,0.0,NZ,1522683000.0,88.0,64.4,23.04
89,Saskylakh,87.08120254068353,110.38509575018321,0.0,RU,1522684028.0,57.0,-5.95,9.98
91,Taldan,54.29514691522692,125.38562652518107,56.0,RU,1522684020.0,35.0,24.65,14.67
92,Ribeira Grande,29.047486858921857,-32.663310377886546,20.0,PT,1522683000.0,59.0,62.6,25.28
93,Yumen,38.47000431555941,94.64331056297925,76.0,CN,1522684020.0,27.0,42.11,7.63
94,Bluff,-80.59453961037791,174.63441124311208,92.0,NZ,1522684029.0,100.0,57.86,31.34
95,Riyadh,23.53069312187769,48.11307891842557,32.0,SA,1522681200.0,17.0,84.2,9.17
96,Mlonggo,-5.896270903245409,109.999453661558,8.0,ID,1522684021.0,95.0,79.73,4.61
97,Upernavik,82.90091842602789,-52.78561867975466,8.0,GL,1522684021.0,93.0,21.05,12.88
98,Avarua,-40.44041980910958,-160.2951215489135,75.0,CK,1522681200.0,88.0,75.2,8.05
100,Townsville,-19.22454023238309,146.40162428044937,75.0,AU,1522683000.0,74.0,78.8,12.75
102,Helena,47.5958311922636,-112.62609665078637,90.0,US,1522680780.0,92.0,17.6,12.75
103,Myitkyina,25.30135105592835,97.86623399655849,12.0,MM,1522684031.0,85.0,69.92,1.36
104,Nabire,-4.3674569871707405,137.75241680347324,92.0,ID,1522684023.0,100.0,67.58,1.14
105,Puurmani,58.598672939548834,26.362720821667864,90.0,EE,1522680600.0,93.0,35.6,12.75
106,Barrow,69.51111379749912,-160.73662691791492,40.0,US,1522682100.0,79.0,26.73,11.41
107,Jiexiu,36.83468124334186,112.00638661397488,0.0,CN,1522684024.0,49.0,55.97,5.84
108,Dunajska Streda,47.921271603949265,17.794549484176258,0.0,SK,1522683000.0,35.0,56.23,4.7
109,Nanortalik,56.35888388737209,-45.06774577200335,48.0,GL,1522684024.0,100.0,35.09,30.33
110,Santo Domingo,12.384591006763799,-84.86004874020354,40.0,NI,1522681200.0,70.0,84.2,6.93
111,Santiago del Estero,-28.32961592079029,-63.95924608846519,36.0,AR,1522684024.0,68.0,76.22,6.62
113,Dali,23.95046650474113,99.4580717921366,8.0,CN,1522684024.0,74.0,52.73,3.15
114,Labuhan,-11.604522893563654,101.53202233198073,36.0,ID,1522684033.0,97.0,72.17,0.81
115,Havelock,33.89809665867094,-73.47119411767244,75.0,US,1522681080.0,57.0,72.28,11.41
116,Walvis Bay,-25.780251771338456,3.6986170514688013,92.0,NA,1522684025.0,90.0,68.57,4.27
117,Haines Junction,61.30205415615279,-138.54284684489164,68.0,CA,1522684025.0,74.0,13.04,7.74
118,Caravelas,-22.24198989487502,-23.937483676987284,0.0,BR,1522684025.0,100.0,81.71,9.19
119,Pedasi,6.3727807753240455,-80.00363485812856,0.0,PA,1522684034.0,94.0,75.77,13.67
120,Arraial do Cabo,-41.2745309590742,-26.653214080368627,20.0,BR,1522681200.0,62.0,91.45,5.82
121,Dikson,82.70859235973714,78.07617018224909,12.0,RU,1522684026.0,81.0,-4.6,6.85
123,Arkhangelskoye,54.15826882863095,56.63121685926069,92.0,RU,1522684027.0,96.0,33.92,16.24
124,San Patricio,14.053487743175268,-108.95528674630822,20.0,MX,1522680360.0,73.0,77.0,6.93
127,Beausejour,49.80650029618073,-96.59856978937822,5.0,CA,1522681200.0,45.0,5.0,12.75
128,Maceio,-16.008980218578756,-26.89553633361001,40.0,BR,1522681200.0,78.0,82.4,3.36
129,Tasiilaq,74.83317450892724,-32.977021537491055,0.0,GL,1522680600.0,68.0,24.8,2.24
130,Vallenar,-26.803950587912816,-76.13424297515748,24.0,CL,1522684028.0,80.0,62.54,2.93
131,Kaitangata,-52.81129459182295,173.84156919666066,48.0,NZ,1522684036.0,55.0,60.92,15.9
132,Bethel,50.21561719749022,-161.26649164172957,1.0,US,1522680780.0,79.0,21.2,19.46
133,Ilulissat,81.93947986029883,-42.66371055649327,40.0,GL,1522680600.0,58.0,24.8,1.12
134,Batemans Bay,-38.92174158050333,154.00316875939893,68.0,AU,1522684030.0,99.0,62.72,4.5
135,Sabha,26.38920106003434,17.368727347153765,12.0,LY,1522684038.0,14.0,87.29,13.0
137,Pevek,81.24101096733438,168.7689507131575,0.0,RU,1522684039.0,69.0,19.61,12.21
138,Georgetown,-4.310717004044889,-10.15938123309897,64.0,SH,1522684031.0,100.0,78.38,10.76
139,Talnakh,76.06355260095296,93.50901802362671,48.0,RU,1522684031.0,78.0,-8.11,6.96
140,Srednekolymsk,72.69351559638451,153.96762833566265,0.0,RU,1522684039.0,79.0,17.63,6.62
141,Phalaborwa,-23.119818662324676,32.19968296137213,0.0,ZA,1522684040.0,61.0,80.18,6.96
142,Deputatskiy,67.08760717565104,138.0139461381683,0.0,RU,1522684032.0,43.0,-15.4,2.04
143,Mercedes,-29.582567214741346,-57.908197209712995,36.0,AR,1522684032.0,84.0,76.58,8.41
144,Linqiong,30.38165816940075,103.24371254026738,0.0,CN,1522681200.0,82.0,64.4,2.15
145,Pizarro,1.9585395088936508,-78.64378933200302,88.0,CO,1522684032.0,96.0,78.47,4.61
146,San Juan,-30.94928419059817,-68.12020435467693,0.0,AR,1522684033.0,87.0,66.77,1.14
147,Leningradskiy,80.19637954619577,175.7339330612745,0.0,RU,1522684033.0,65.0,13.94,1.36
148,Miles City,46.589919707389896,-106.55532211912195,90.0,US,1522681740.0,92.0,24.8,16.11
149,Tuktoyaktuk,78.17432687819027,-135.6287920265305,75.0,CA,1522681200.0,77.0,-1.48,17.22
150,Cidreira,-39.719522154147874,-37.47297658430128,92.0,BR,1522684042.0,100.0,68.57,8.52
151,Caraballeda,11.99025910933652,-66.22408049302639,40.0,VE,1522681200.0,70.0,84.2,5.82
152,Lagoa,50.4497782358375,-30.22576403316134,75.0,PT,1522683000.0,93.0,62.6,10.29
153,San Carlos de Bariloche,-40.75996447703103,-71.4254191254149,0.0,AR,1522681200.0,47.0,59.0,2.24
154,Tautira,-18.286021058900218,-147.87072905859807,80.0,PF,1522683000.0,78.0,78.8,1.12
155,Pangnirtung,66.86577442900065,-62.684582581631076,75.0,CA,1522681200.0,55.0,35.6,17.22
156,Novyy Urengoy,65.89424844029782,76.00685368395636,44.0,RU,1522683842.0,59.0,-6.4,17.02
159,Lubuagan,17.245557154632877,121.22433847054293,92.0,PH,1522684035.0,98.0,65.6,1.36
160,Aklavik,78.85169013028258,-143.12778695574315,75.0,CA,1522681200.0,77.0,3.2,14.99
163,Coquimbo,-26.83442142845996,-86.62318143640184,90.0,CL,1522681200.0,77.0,59.0,3.36
164,Wanaka,-43.81433777405565,167.88934362337125,20.0,NZ,1522684036.0,57.0,55.52,9.75
165,Torbay,48.20030698385037,-51.38287668287967,20.0,CA,1522681200.0,65.0,41.0,27.51
166,Faanui,-15.57669770383869,-155.55389384575324,80.0,PF,1522684036.0,100.0,82.07,12.33
167,Xinyang,32.23217498951249,114.12649410141347,0.0,CN,1522684045.0,75.0,66.77,6.17
168,Mount Isa,-22.214949317680052,137.68621196091493,0.0,AU,1522683000.0,32.0,84.2,6.93
169,Vostok,50.026353014101375,150.2537709213404,92.0,RU,1522684045.0,100.0,44.99,6.4
170,Elko,41.21127376674252,-115.18712454823486,90.0,US,1522680960.0,54.0,48.2,13.87
171,Mahebourg,-37.92695960500394,69.0904087597595,75.0,MU,1522681200.0,78.0,82.4,4.7
172,Kiruna,66.65425101724568,18.976777528132203,40.0,SE,1522682400.0,73.0,26.6,8.05
173,Qaanaaq,80.06157459860904,-89.15486692215109,0.0,GL,1522684038.0,74.0,-0.01,6.62
175,Aykhal,68.9576474478892,109.0564989219339,20.0,RU,1522684038.0,52.0,-5.05,5.5
176,Bardiyah,31.653846800358224,24.752435628772872,8.0,LY,1522684038.0,87.0,62.45,17.36
177,Maragogi,-11.690742494993117,-30.755071973486167,68.0,BR,1522684047.0,100.0,79.82,4.94
178,Port Alfred,-49.21859515260771,33.43700308788502,44.0,ZA,1522684038.0,75.0,79.1,3.94
179,Meadow Lake,54.69382268210114,-108.38012530719261,75.0,CA,1522681200.0,71.0,5.0,5.82
180,Aleksandrov Gay,50.40913543433274,48.63813499556187,0.0,RU,1522684039.0,86.0,39.59,14.34
181,Nouakchott,17.47863936530547,-17.864218351479906,0.0,MR,1522684047.0,95.0,66.5,18.92
182,Oistins,10.643114921158627,-57.62581697256829,40.0,BB,1522681200.0,70.0,84.2,19.46
183,Katsuura,20.541679642815723,155.24071314099496,0.0,JP,1522684039.0,85.0,53.18,2.37
184,Viedma,-42.254155978778925,-62.45049177369758,0.0,AR,1522684040.0,56.0,73.88,10.65
185,Husavik,68.51906092439833,-13.77914964126623,40.0,IS,1522681200.0,95.0,32.0,2.24
186,Saint-Philippe,-55.27917836791581,72.78249796289231,75.0,RE,1522681200.0,74.0,80.6,4.7
187,Provideniya,63.9405439691846,-172.7411166126923,36.0,RU,1522684049.0,98.0,26.0,4.94
188,Kultuk,52.030396075556695,102.99955720920462,0.0,RU,1522684041.0,70.0,5.03,3.83
189,Mount Gambier,-52.892679958052604,131.23567196977166,92.0,AU,1522684049.0,85.0,59.03,2.93
190,Susanville,40.169079410912445,-121.08376831752926,75.0,US,1522683300.0,50.0,51.8,14.99
191,Teya,62.16781049978988,89.4260405774271,48.0,RU,1522684041.0,65.0,14.39,7.07
193,Moron,47.02150807623113,97.91958697524888,56.0,MN,1522684042.0,42.0,20.69,10.2
194,Podgornoye,57.73917879661451,83.03300444632487,80.0,RU,1522684042.0,83.0,25.82,6.73
196,Nemuro,34.728403476398,150.95567052900782,8.0,JP,1522684042.0,96.0,35.63,17.92
197,Honiara,-13.822686389156502,156.49281118768982,75.0,SB,1522681200.0,100.0,77.0,3.36
198,San Cristobal,-13.984864601196762,-92.75830077323113,36.0,EC,1522684042.0,100.0,64.79,2.15
199,Santa Vitoria do Palmar,-35.85806254988393,-49.28284197749397,76.0,BR,1522684043.0,90.0,72.8,11.21
200,Betare Oya,5.467749091660551,13.730856886907134,32.0,CM,1522684051.0,76.0,83.15,4.16
201,Shenjiamen,30.319785511263703,125.9672829797887,68.0,CN,1522684043.0,89.0,60.38,15.01
202,Ostrovnoy,70.92884118910672,40.906759239270855,64.0,RU,1522684052.0,91.0,24.92,10.54
203,Cabo San Lucas,18.088514450732788,-113.9191596787598,5.0,MX,1522680300.0,15.0,71.28,13.87
205,Puerto Madryn,-40.74151051471178,-65.82944380617693,0.0,AR,1522684044.0,59.0,72.35,12.1
206,Tabou,3.6337662715113623,-7.290758736330048,32.0,CI,1522684044.0,97.0,83.15,15.9
207,Jizan,16.935855465945636,42.812576092395375,20.0,SA,1522681200.0,59.0,89.6,9.17
208,Geraldton,-32.10585085134931,93.37145872647153,0.0,AU,1522683000.0,83.0,69.8,12.21
209,Sobolevo,54.264753678309035,157.15727033092088,80.0,RU,1522684045.0,88.0,37.7,17.36
210,Tetouan,35.58259654538638,-5.361671259664632,40.0,MA,1522683000.0,63.0,66.88,14.99
212,Rancho Palos Verdes,31.881274549697224,-119.35570431780579,90.0,US,1522683540.0,63.0,57.31,5.82
213,Klaksvik,64.75192783002035,-6.050052948493686,56.0,FO,1522682400.0,100.0,32.0,16.11
214,Le Vauclin,16.071845830631787,-58.225899689278265,92.0,MQ,1522681200.0,70.0,85.21,8.05
215,Bambous Virieux,-27.42749319485516,74.9554114760897,75.0,MU,1522681200.0,78.0,82.4,4.7
216,Ambilobe,-9.330212344377927,49.45868078706522,48.0,MG,1522684046.0,98.0,75.05,1.36
217,Bastos,-22.05412808032051,-50.83340485112842,64.0,BR,1522684046.0,87.0,76.76,7.18
218,Spearfish,44.15368473249262,-104.14263544519238,90.0,US,1522683300.0,100.0,29.8,10.29
219,Kelvington,52.1767555537119,-103.34979073248562,24.0,CA,1522684046.0,77.0,-1.63,7.52
220,New Norfolk,-55.95652883476801,138.7371815579424,75.0,AU,1522683000.0,58.0,59.0,13.87
221,Segou,13.341041076110926,-6.361051932261802,56.0,ML,1522684055.0,25.0,100.88,8.41
222,Cazones,20.920754929454034,-96.96168979409944,75.0,MX,1522680300.0,83.0,77.0,5.82
223,Sao Paulo de Olivenca,-3.3369779607217964,-69.52420315413006,92.0,BR,1522684056.0,88.0,81.17,2.93
225,Kodiak,43.56925124777845,-145.9197656734782,90.0,US,1522680780.0,92.0,23.0,9.17
226,Tiksi,76.16267141984301,132.45835623288366,0.0,RU,1522684048.0,50.0,-9.01,2.37
227,Hofn,68.20972542754777,-12.677696252053693,80.0,IS,1522684056.0,100.0,30.5,11.43
228,Dalnegorsk,44.63244778097885,135.66610672216308,92.0,RU,1522684057.0,88.0,38.69,4.16
229,Inta,68.43005759205408,59.02885183277928,0.0,RU,1522684057.0,68.0,10.16,2.48
230,Bilibino,68.19963869347526,163.8906160139901,0.0,RU,1522684049.0,82.0,11.15,2.59
231,Gidole,4.8331024751640825,37.24470154055467,24.0,ET,1522684058.0,75.0,74.33,2.15
232,Gravdal,69.66844535022764,12.124591031770848,40.0,NO,1522682400.0,64.0,39.34,5.82
233,Trogir,42.96441734508423,16.236951942693878,20.0,HR,1522683000.0,67.0,59.0,6.93
234,Pauini,-7.684456797760021,-66.29355690643725,12.0,BR,1522684059.0,82.0,84.23,3.71
235,Harlingen,54.343625271697675,5.336249284102053,90.0,NL,1522682700.0,87.0,45.3,12.75
239,Vicksburg,32.514330620221955,-90.77711577066563,90.0,US,1522682100.0,100.0,66.25,4.7
240,Forio,40.000753048899185,12.876662682251947,0.0,IT,1522682400.0,55.0,61.41,8.05
241,Neyshabur,35.792022908253486,59.063988563244294,0.0,IR,1522684060.0,70.0,54.53,2.04
242,Kilindoni,-7.738629412980032,41.350899218101176,24.0,TZ,1522684052.0,100.0,82.25,9.53
244,Jumla,35.07986989362499,85.50188620734832,24.0,NP,1522684052.0,79.0,30.05,1.59
245,Lodwar,2.8410481436052493,35.12948504760237,12.0,KE,1522684053.0,50.0,85.85,10.31
246,Cajetina,43.77956307045761,19.78543527216968,40.0,RS,1522683000.0,69.0,57.87,4.7
247,Waddan,28.747489030758388,17.382881694157646,20.0,LY,1522684053.0,28.0,75.32,8.41
248,Kamenka,42.79138713572519,137.15807068450403,68.0,RU,1522684053.0,90.0,34.37,18.03
249,Cocachacra,-16.88673673422238,-71.78863880867351,0.0,PE,1522684062.0,37.0,76.04,3.94
250,Karlstad,59.6702565511541,13.810664213404579,0.0,SE,1522682400.0,25.0,39.2,8.05
251,Renqiu,38.650932577189195,116.13791772008176,0.0,CN,1522684063.0,50.0,68.93,11.43
252,Muros,42.64731964559277,-16.267393921307274,75.0,ES,1522683180.0,87.0,53.6,18.34
253,Beruwala,6.295063766765054,79.97981946700236,32.0,LK,1522684055.0,98.0,83.33,5.73
254,Half Moon Bay,32.382626836537625,-131.89664066164488,75.0,US,1522683600.0,87.0,53.4,13.87
255,Port Hardy,50.441085777804545,-128.64491320035853,20.0,CA,1522681200.0,97.0,32.0,4.7
256,Chernyshevskiy,64.11242819507734,111.98242363357673,32.0,RU,1522684055.0,59.0,4.67,6.29
257,Tolga,62.421006174616366,11.004641982343486,56.0,NO,1522682400.0,50.0,30.2,4.7
258,Najran,19.598148836396348,47.192769323771984,76.0,SA,1522684056.0,17.0,82.79,7.96
259,Chapais,52.39605625824234,-76.1796163082471,90.0,CA,1522683720.0,67.0,19.4,16.11
260,Karabuk,40.83938578072721,32.72775155394848,44.0,TR,1522684065.0,71.0,46.88,4.38
261,Fez,33.382754364550635,-4.214924728445595,75.0,MA,1522683000.0,72.0,63.32,6.93
262,Makushino,55.064231105755226,66.92411035966248,24.0,RU,1522684057.0,85.0,25.19,6.06
263,Cayenne,17.349788222383268,-43.32353980452575,75.0,GF,1522681200.0,70.0,86.0,14.99
264,Peniche,41.03489912115893,-16.94056598148825,75.0,PT,1522683000.0,82.0,60.8,12.75
265,Ambulu,-11.39257065429834,113.24400963342327,32.0,ID,1522684057.0,100.0,79.19,0.47
266,Antalaha,-14.774618831479543,52.04146056445873,88.0,MG,1522684057.0,97.0,77.03,6.51
267,Grindavik,58.45642677349977,-25.37998165459777,90.0,IS,1522681200.0,100.0,33.8,12.75
269,Lerwick,60.21026113084747,-0.40121351618748236,20.0,GB,1522682400.0,100.0,40.1,13.87
270,Matara,-1.4531413789421634,81.234012366211,48.0,LK,1522684058.0,91.0,82.07,6.62
271,Fukue,31.543861977360436,125.92437108063257,0.0,JP,1522681200.0,72.0,62.6,7.96
272,Keflavik,64.37022583130326,-22.64561901668975,90.0,IS,1522681200.0,100.0,33.8,12.75
273,Mazyr,51.88929791888964,29.680241800538255,92.0,BY,1522684067.0,99.0,36.8,17.92
274,Gelemso,8.710812568191159,40.28049066860004,64.0,ET,1522684059.0,70.0,67.85,3.27
275,Xining,33.32633651656258,99.32823432456439,0.0,CN,1522684059.0,50.0,37.61,5.17
276,Vanimo,0.5183995596492394,141.2196799400374,76.0,PG,1522684068.0,100.0,82.7,14.79
277,Nouadhibou,22.13169356077195,-20.780526190960813,0.0,MR,1522681200.0,56.0,71.6,18.34
279,Nuuk,63.05726377390454,-51.40555777739894,20.0,GL,1522680600.0,44.0,39.2,1.12
280,Mehamn,78.01145343183117,28.904041731872468,20.0,NO,1522682400.0,73.0,27.63,4.7
281,Teguldet,59.75192425777345,88.03381157197941,76.0,RU,1522684060.0,80.0,23.3,5.84
282,Havre-Saint-Pierre,50.71898855863873,-64.0848419214914,20.0,CA,1522681200.0,58.0,26.6,18.34
283,Pechenga,69.45575569832167,31.980431851977528,88.0,RU,1522684060.0,91.0,40.04,22.06
284,Lawrenceburg,35.22337161845884,-87.71384767743385,90.0,US,1522682100.0,100.0,52.99,4.7
285,Constantine,35.2361517482297,6.454043774173812,0.0,DZ,1522683000.0,33.0,71.6,12.75
286,Colac,-40.47202441447793,143.62629169020516,100.0,AU,1522684070.0,83.0,59.3,3.49
287,Brae,65.1886225401937,-2.0850051391338695,20.0,GB,1522682400.0,100.0,39.97,13.87
288,Juneau,58.478294958965876,-133.0143654485788,75.0,US,1522680960.0,37.0,34.83,5.82
289,Areosa,41.48913542331459,-11.424696812476782,90.0,PT,1522683000.0,93.0,55.4,18.34
290,Ketchikan,50.69672446335386,-135.75092900412366,90.0,US,1522680780.0,80.0,31.84,3.36
291,Lorengau,10.689102173519743,148.30381285727208,64.0,PG,1522684071.0,100.0,81.98,13.11
292,Namibe,-19.812068004546475,6.1181714996550625,0.0,AO,1522684063.0,100.0,80.0,8.97
293,Monticello,33.57005876939404,-91.73453187671788,90.0,US,1522681860.0,93.0,45.97,3.36
294,Coruripe,-10.100644852711255,-35.81997405326007,12.0,BR,1522684064.0,93.0,82.52,8.63
295,Ikalamavony,-20.994295879159154,46.55044343209872,76.0,MG,1522684064.0,85.0,66.5,2.93
296,Poum,-20.203799919462924,157.78132087108446,92.0,NC,1522684064.0,100.0,79.55,15.01
297,Henties Bay,-21.472018568071547,4.219604682834756,92.0,NA,1522684073.0,90.0,71.9,7.96
298,Aswan,22.57908852280174,32.91037351348328,0.0,EG,1522681200.0,7.0,93.2,6.93
299,Aljezur,35.944170245066715,-12.78061159586926,48.0,PT,1522684065.0,93.0,60.92,9.98
300,Narsaq,87.53738397864433,-61.20081970887091,75.0,GL,1522680600.0,24.0,46.4,20.8
301,Turukhansk,64.93846522778287,89.39405306297618,64.0,RU,1522684074.0,82.0,-1.9,8.63
303,Port Lavaca,28.088572983767733,-96.19983959792015,90.0,US,1522682100.0,78.0,76.37,11.41
304,West Wendover,40.39732947526528,-114.48246372388145,75.0,US,1522680960.0,33.0,57.2,17.22
305,Ponta do Sol,20.446262169192465,-40.352706362857845,8.0,CV,1522684075.0,100.0,68.39,14.0
306,Eisenerz,47.71749791909082,15.054495751344547,0.0,AT,1522680600.0,26.0,57.2,9.17
307,Orange,-33.32833087529647,149.36939423455146,0.0,AU,1522684084.0,78.0,58.22,2.82
308,Te Anau,-43.43886452767922,167.01181263489144,68.0,NZ,1522684076.0,94.0,52.55,13.44
309,Ducheng,23.33254398170429,111.39609113225345,0.0,CN,1522684076.0,93.0,64.97,8.97
312,Socorro,34.196601427651245,-107.36204079796356,1.0,US,1522681080.0,10.0,69.19,4.7
313,Bathsheba,20.952507565411338,-45.12619142382522,40.0,BB,1522681200.0,70.0,84.2,19.46
314,Zhanaozen,42.31080456999072,55.31961172535287,0.0,KZ,1522684077.0,49.0,50.39,14.9
315,Castro,-44.72756591884571,-80.99440499592546,8.0,CL,1522684077.0,84.0,62.09,3.15
316,Bougouni,11.626846639674312,-7.437713096543462,12.0,ML,1522684077.0,33.0,99.89,6.73
317,Ilo,-18.46940779875301,-72.48595695956631,0.0,PE,1522684086.0,69.0,72.98,3.49
318,Constitucion,17.578838614125985,-122.73406102936471,20.0,MX,1522680300.0,26.0,59.0,3.36
319,Boa Vista,4.748254257210689,-63.37644375984007,75.0,BR,1522681200.0,46.0,91.4,11.41
320,Saint-Leu,-22.10168848928572,54.08306046811475,75.0,RE,1522681200.0,74.0,80.6,4.7
321,Buraydah,24.22943737846292,43.5652679783563,75.0,SA,1522681200.0,73.0,71.6,14.99
322,Baghdad,30.50296492026645,44.54785496294886,0.0,IQ,1522681200.0,19.0,80.6,8.05
324,Upington,-27.990832739384302,21.508411856111394,40.0,ZA,1522681200.0,39.0,84.2,12.75
325,Lucea,17.934038182072,-79.4688690833904,20.0,JM,1522681200.0,62.0,84.2,14.99
327,Sudislavl,57.82222553103088,41.566809078187305,80.0,RU,1522684081.0,90.0,38.78,19.48
328,Tabriz,38.15661263909277,46.2044657011985,0.0,IR,1522681200.0,38.0,59.0,6.93
329,Kuroiso,36.96590465812689,140.03731707901477,0.0,JP,1522684081.0,90.0,36.17,2.04
330,Pueblo Bello,10.2429432656172,-73.65840007276397,75.0,CO,1522681200.0,74.0,84.2,13.87
331,Sinegorskiy,57.8081667926416,59.6226060374039,80.0,RU,1522684082.0,72.0,55.16,13.22
332,Dumas,36.233845615686974,-101.7198373384712,1.0,US,1522682100.0,52.0,46.4,24.16
334,Dicabisagan,18.643017356878545,127.68748376824738,88.0,PH,1522684082.0,100.0,73.7,6.85
335,Umm Kaddadah,15.87829856706422,27.955430077239498,0.0,SD,1522684083.0,9.0,91.97,6.17
336,Itaituba,-5.393702033230625,-54.10829717804364,75.0,BR,1522681200.0,94.0,75.2,2.82
337,Storsteinnes,68.99649994259028,19.1486405970727,0.0,NO,1522682400.0,78.0,32.99,3.36
338,Portland,-43.81543037547489,138.2995045700339,80.0,AU,1522684083.0,94.0,55.88,2.37
340,Kharabali,48.19170471319353,47.98867375181325,0.0,RU,1522684083.0,65.0,48.59,22.84
341,Taoudenni,22.374013683486424,-2.2561553767384623,0.0,ML,1522684083.0,19.0,97.1,4.38
342,Pimentel,-8.3785345393689,-82.12904928638568,0.0,PE,1522681200.0,78.0,73.4,5.82
343,Logan,41.89377316855348,-111.66891815567627,90.0,US,1522682580.0,50.0,52.81,4.7
345,Broken Hill,-26.568438738958633,140.50174177299556,0.0,AU,1522684093.0,58.0,58.49,9.98
346,Chumikan,54.88851747324051,135.27686781134895,92.0,RU,1522684093.0,87.0,22.04,11.21
347,Kahului,36.21274380082086,-146.7479576286836,1.0,US,1522680960.0,88.0,71.38,11.41
348,Egvekinot,60.923177908559296,-179.46597795955216,0.0,RU,1522684086.0,68.0,7.19,2.04
349,Touros,-0.015473599783405234,-29.474008798392646,56.0,BR,1522684094.0,80.0,85.31,13.0
350,Yulara,-24.401021239340494,127.63559823257106,0.0,AU,1522681200.0,36.0,77.0,8.05
351,Andenes,71.3131434772018,14.248174883078747,0.0,NO,1522682400.0,55.0,33.8,5.82
352,Dudinka,75.8932599084564,86.72959155842398,48.0,RU,1522683859.0,71.0,-5.77,10.54
353,Adrar,25.084515115206372,2.5447002800613916,40.0,DZ,1522681200.0,22.0,93.2,9.17
354,Wadi Maliz,36.56399064422412,8.348236702193418,0.0,TN,1522681200.0,57.0,78.24,6.93
355,Machico,30.906766600494393,-15.15099878754728,40.0,PT,1522683000.0,68.0,67.21,5.82
356,Salinopolis,5.201732125561691,-44.00844631666308,56.0,BR,1522684087.0,100.0,82.7,7.4
357,Mezhdurechensk,53.63028362745786,88.64523637842808,24.0,RU,1522684087.0,76.0,12.32,2.04
358,Monte Patria,-30.941877595982426,-69.97156275301127,0.0,CL,1522684087.0,81.0,59.57,1.59
359,Kolyvan,55.523766850674576,82.85581829845802,75.0,RU,1522681200.0,58.0,30.2,15.66
361,Lavrentiya,74.03323945522385,-168.82800180087833,56.0,RU,1522684088.0,91.0,19.79,6.96
362,Nelson Bay,-36.519451163889045,156.8891027946491,75.0,AU,1522683000.0,78.0,71.6,8.05
363,Calama,-23.010424143517426,-67.24992142966452,0.0,CL,1522681200.0,16.0,66.2,4.7
364,Esperance,-51.7044598151628,126.93104131005629,0.0,AU,1522684088.0,83.0,63.71,8.08
365,Salvaterra de Magos,39.00082096348066,-8.748999724635183,75.0,PT,1522683000.0,82.0,61.81,12.75
366,La Ligua,-32.58210200454313,-71.48733821323648,90.0,CL,1522681200.0,87.0,57.2,3.15
367,Ndele,9.010359884855433,20.237651309182667,12.0,CF,1522684089.0,24.0,99.62,5.73
369,Lumberton,30.695783906169623,-93.8008918017062,75.0,US,1522682100.0,78.0,74.55,9.17
370,Keti Bandar,23.704355365936294,66.64517157258183,0.0,PK,1522684090.0,96.0,79.1,14.67
371,Westport,57.199310766067214,-14.616568439595227,90.0,IE,1522681200.0,93.0,37.4,16.11
372,Saint-Joseph,-35.521230209008245,56.786468313307296,75.0,RE,1522681200.0,74.0,80.6,4.7
373,Longyearbyen,85.90445908630429,25.485710788562926,0.0,SJ,1522680600.0,61.0,12.2,16.11
374,Dingle,47.1932237805687,-16.804448732505534,92.0,IE,1522684099.0,92.0,50.12,12.55
375,Shelburne,40.8451034844702,-64.1868843018957,75.0,CA,1522681200.0,50.0,33.17,8.05
376,Baruun-Urt,47.520295800924856,113.0907962216657,12.0,MN,1522684091.0,35.0,20.42,11.77
377,Ahipara,-37.025161303069616,168.0670120398181,0.0,NZ,1522684091.0,100.0,53.0,3.83
378,Carnarvon,-31.82065787989705,23.224784449888915,44.0,ZA,1522684092.0,64.0,71.45,13.22
379,Victoria,-1.7239124029885033,63.667053308287734,20.0,SC,1522681200.0,83.0,82.4,3.36
381,Oranjestad,13.010210475577992,-70.95517524123126,40.0,AW,1522681200.0,70.0,86.0,18.34
383,Lompoc,24.428067907740868,-132.41402758981903,90.0,US,1522683300.0,93.0,52.12,5.82
384,Vagur,60.31898202591756,-5.619493400541103,68.0,FO,1522684101.0,100.0,38.6,18.25
385,Wewak,-2.992685655156393,143.6261710612037,88.0,PG,1522684093.0,100.0,74.6,2.59
386,Taunggyi,21.200468940067367,97.0911322609312,20.0,MM,1522684093.0,96.0,59.21,2.15
387,Chunhuhub,19.328121509191007,-89.25502648055398,0.0,MX,1522684102.0,64.0,81.98,3.04
388,Marsaxlokk,34.28298141706843,14.957183682655284,20.0,MT,1522682100.0,63.0,60.8,6.93
389,El Tocuyo,9.62375259509676,-69.558778571198,40.0,VE,1522681200.0,54.0,80.6,6.93
390,Leh,34.30423522958418,81.40531285286107,24.0,IN,1522684094.0,76.0,0.53,0.92
391,Pesqueira,-8.29286649237288,-36.62640946750389,56.0,BR,1522684094.0,74.0,76.31,8.41
393,Solnechnyy,63.42834090118845,138.99699973181072,0.0,RU,1522684103.0,76.0,33.47,10.76
394,Beringovskiy,60.51206389087207,177.2389351260897,80.0,RU,1522684095.0,95.0,28.34,5.39
396,Micheweni,-4.494609818258141,40.2667530406018,8.0,TZ,1522684095.0,100.0,83.42,13.22
397,Caceres,7.443282706066242,-75.24542171733168,56.0,CO,1522684095.0,85.0,73.07,2.59
398,Sinnamary,17.622803235589444,-43.838398068508724,76.0,GF,1522684095.0,100.0,79.19,7.07
399,Baoro,6.034301193571181,16.089337032147398,24.0,CF,1522684096.0,67.0,85.58,4.5
401,Zaria,11.42412216871125,8.033472318169686,0.0,NG,1522684104.0,17.0,99.35,7.85
402,Bileca,42.94226951349523,18.50115853559572,20.0,BA,1522683000.0,71.0,59.25,4.7
403,Hadejia,12.166722218476934,10.127052670630263,0.0,NG,1522684096.0,17.0,102.32,6.62
405,Bandar-e Anzali,37.82357978077509,49.721390056457295,40.0,IR,1522681200.0,76.0,55.4,6.93
406,Saint-Francois,16.17581183081181,-61.10342249853082,80.0,GP,1522681200.0,94.0,73.4,12.75
407,Lieksa,63.73542320053164,30.438447144871418,88.0,FI,1522684105.0,83.0,31.85,9.42
408,Santa Maria,16.852842308619955,-22.965130322194568,75.0,CV,1522681200.0,50.0,76.01,14.99
409,Rawson,-47.38159671598352,-57.9303873912112,0.0,AR,1522684106.0,32.0,79.19,10.31
412,Geraldton,55.13267364184483,-88.56185244494372,75.0,CA,1522681200.0,65.0,5.0,8.05
413,Evensk,64.50145114831685,161.98843657481393,92.0,RU,1522684106.0,89.0,31.85,13.44
414,Jiaocheng,26.44785526305482,120.16347035218934,32.0,CN,1522684107.0,63.0,72.89,2.15
415,Kanniyakumari,5.975729059098782,77.72489984035747,0.0,IN,1522684099.0,100.0,84.59,11.43
416,Diffa,15.37294667626486,13.104738235114382,0.0,NE,1522684099.0,15.0,101.69,7.63
417,Belyy Yar,61.73579824040641,86.22388745663932,0.0,RU,1522681200.0,58.0,24.8,6.71
418,Porto Novo,12.77119256095493,-39.12635043703665,20.0,CV,1522681200.0,50.0,77.0,24.16
419,Ukiah,39.89902325501595,-123.36060075105087,1.0,US,1522680960.0,81.0,48.2,3.15
420,Hoquiam,46.57157933985101,-125.51321322429777,40.0,US,1522680780.0,70.0,39.63,3.36
421,Panguna,-7.186154902248461,153.56198154288637,76.0,PG,1522684100.0,89.0,75.32,2.93
423,Nahariyya,33.165491721583976,34.630528053878265,0.0,IL,1522680600.0,72.0,71.82,8.05
424,Teeli,51.64937177480692,89.2790479501707,0.0,RU,1522684100.0,76.0,0.8,1.92
425,Salalah,18.628599029982638,57.861133994491695,75.0,OM,1522680600.0,74.0,82.4,8.05
426,Muravlenko,64.51065781513356,73.81801688118,0.0,RU,1522684101.0,74.0,0.62,9.75
427,Raudeberg,66.33758142326715,1.8820412571267866,20.0,NO,1522682400.0,55.0,37.4,10.29
428,Kununurra,-18.738873402959413,127.96983191803997,40.0,AU,1522683000.0,74.0,80.6,3.36
429,Whitehorse,61.242354080666985,-134.39619578137058,75.0,CA,1522681200.0,61.0,14.0,8.05
430,Flinders,-33.841224573391,132.47444376108706,90.0,AU,1522683000.0,93.0,64.4,8.05
431,Longkou,37.90415914532191,119.90929986438687,0.0,CN,1522684102.0,67.0,55.97,1.81
433,Zhengjiatun,43.73533463740449,123.64596867521368,92.0,CN,1522684103.0,57.0,44.27,13.78
434,Shawinigan,46.43589432524789,-72.80724659183855,68.0,CA,1522684103.0,59.0,29.15,4.38
435,Nahrin,35.80713742300766,68.89187001453726,56.0,AF,1522684111.0,55.0,58.94,1.7
436,Anadyr,65.61018594581637,179.85288384772673,40.0,RU,1522681200.0,55.0,37.4,6.71
437,Jacareacanga,-6.201384480546437,-55.90168136416396,20.0,BR,1522681200.0,74.0,86.0,2.24
439,Sompeta,16.546870073075127,87.07208345585786,0.0,IN,1522684112.0,82.0,75.32,5.73
440,Tarakan,3.1495980369300582,117.97710701825571,0.0,ID,1522684104.0,100.0,79.37,3.6
441,Kushima,30.491874888155394,132.10920118399804,0.0,JP,1522684104.0,100.0,58.22,6.62
442,Manado,2.106155492434013,123.85707739141037,40.0,ID,1522683000.0,100.0,73.4,6.93
443,Santa Cruz de la Palma,30.310740332963917,-17.149788363789412,40.0,ES,1522683000.0,60.0,71.6,10.29
444,Turbat,26.94758409825873,63.829888914765576,8.0,PK,1522684105.0,31.0,89.36,10.42
445,Jalu,24.08386545338142,23.44043639015794,80.0,LY,1522684114.0,20.0,78.47,9.75
446,Bucak,37.55990096988474,31.07042059958735,40.0,TR,1522682400.0,47.0,60.1,13.87
447,Alpena,45.29769172514608,-83.76152757965741,1.0,US,1522682100.0,46.0,32.67,11.41
448,Praia da Vitoria,48.00641267599539,-21.566700660747927,40.0,PT,1522681200.0,72.0,62.6,32.01
449,Daru,-8.73989654049079,143.82710982258249,64.0,PG,1522684107.0,99.0,80.63,5.84
450,Waingapu,-12.248314616708953,118.97101292456767,44.0,ID,1522684107.0,96.0,74.42,3.27
451,Komsomolskiy,44.15338163739693,47.017439961627275,48.0,RU,1522684116.0,73.0,-2.53,9.19
452,Pak Phanang,9.169405349101694,101.86070557100362,92.0,TH,1522684116.0,99.0,82.79,6.4
453,Fortuna,37.057196644084456,-138.41224494578287,90.0,US,1522683300.0,93.0,47.52,8.05
454,Ewa Beach,20.223192930882846,-158.4301336750897,75.0,US,1522683900.0,100.0,71.64,5.82
455,Acapulco,2.4803962067274625,-107.47720440372457,40.0,MX,1522680300.0,65.0,80.6,4.7
456,Dhidhdhoo,7.239648945254999,74.90183885799053,76.0,MV,1522684117.0,100.0,85.58,3.94
457,Pentecoste,-3.8619213936840993,-39.10392073822291,80.0,BR,1522684109.0,100.0,80.27,6.73
458,Saint-Augustin,58.152339881485716,-60.240411728315806,20.0,CA,1522681200.0,67.0,33.87,9.17
460,Naryan-Mar,66.86131192617273,52.39190895676384,12.0,RU,1522684109.0,64.0,9.44,11.43
463,Sapa,4.547590106135814,120.68783456598254,75.0,PH,1522681200.0,69.0,82.4,5.82
464,Somerset,36.662901221371555,-84.35828656642217,90.0,US,1522682400.0,100.0,33.84,3.38
465,Biak,1.950724200631285,137.17440941072988,8.0,ID,1522684110.0,100.0,77.75,2.82
466,Bekhtery,45.59688768068503,31.96769011511921,24.0,UA,1522684110.0,83.0,48.77,18.25
467,Sisimiut,65.80120025847023,-55.465869347388775,0.0,GL,1522684119.0,93.0,29.15,2.48
468,Sept-Iles,54.4210417413411,-67.01545140610983,20.0,CA,1522681200.0,37.0,21.2,12.75
469,Emerald,-24.048878560022303,144.47903948117505,0.0,AU,1522684120.0,71.0,73.16,10.2
470,Altay,48.23945165974075,88.39119651540312,44.0,CN,1522684120.0,83.0,16.55,2.48
472,Guerrero Negro,16.32249718701094,-130.25844355548804,80.0,MX,1522684112.0,99.0,55.97,5.95
473,Aurillac,45.09013102040879,2.861002448519315,0.0,FR,1522683000.0,50.0,54.48,19.46
474,Kuytun,54.00300328034368,101.32869093448352,24.0,RU,1522684113.0,72.0,12.05,2.71
475,Kupino,54.25233131698454,77.09184327045273,76.0,RU,1522684121.0,88.0,23.57,9.53
477,Vestmannaeyjar,56.06178105193115,-21.196349697855595,92.0,IS,1522684113.0,100.0,36.62,11.99
478,Magistralnyy,56.47468054677714,106.81151430519412,12.0,RU,1522684113.0,63.0,8.27,3.27
479,Leeton,-35.129656095834605,145.8365025738617,0.0,AU,1522684114.0,64.0,57.05,7.96
480,Seddon,-43.89381946965038,175.10562234853455,24.0,NZ,1522684114.0,86.0,62.9,9.31
481,Svetlogorsk,67.55286006287142,94.09426047475893,20.0,RU,1522681200.0,84.0,32.0,8.95
483,Nhulunbuy,-9.702172270054234,137.8139737067732,0.0,AU,1522683000.0,94.0,78.8,2.04
484,Senekal,-28.05516147481208,27.678303253581106,92.0,ZA,1522684123.0,94.0,61.19,6.17
485,Huarmey,-13.198779453973799,-86.30323504609579,8.0,PE,1522684115.0,55.0,77.03,3.94
486,Rovaniemi,66.98383555049321,25.54599279509651,0.0,FI,1522682400.0,43.0,33.8,11.41
487,Praia,8.481505652375233,-22.264672941851785,20.0,CV,1522681200.0,53.0,75.2,24.16
488,Mogadishu,-0.8482020629165845,47.308554319987564,56.0,SO,1522683842.0,100.0,83.33,9.64
489,Mazara del Vallo,36.29447187691862,12.342876327343618,0.0,IT,1522680900.0,55.0,64.4,12.75
490,Campbell River,51.44722367072501,-124.69284530868578,20.0,CA,1522681200.0,59.0,37.98,6.93
491,Kommunisticheskiy,60.9752494402548,64.61048503844992,68.0,RU,1522683870.0,73.0,25.55,5.73
492,Puerto Escondido,6.182946053927708,-99.84122206797849,5.0,MX,1522680060.0,58.0,82.4,2.82
493,Carayao,-25.234020763107182,-56.534578173536914,56.0,PY,1522684140.0,80.0,79.64,3.71
494,Biograd na Moru,43.992879310332285,15.432256932007476,20.0,HR,1522683000.0,54.0,59.0,11.41
495,Camacha,37.098070986007045,-15.509580207905373,40.0,PT,1522683000.0,64.0,66.99,14.99
496,Denpasar,-11.018447560455954,115.56909053318805,24.0,ID,1522684067.0,100.0,71.72,1.14
497,Pozo Colorado,-24.435111263635108,-59.141597359987756,88.0,PY,1522684149.0,75.0,78.47,8.08
498,Naze,29.137440391102714,131.2365232575769,92.0,JP,1522684141.0,100.0,68.57,10.42
499,Mackay,-18.729497337020376,153.63544083427644,75.0,AU,1522681200.0,83.0,78.8,25.28
500,Kashi,38.750658883072106,74.23649853465236,90.0,CN,1522681200.0,19.0,68.0,20.13
501,Rognan,65.98002903052375,16.112641440831084,20.0,NO,1522682400.0,50.0,33.8,1.12
502,Kavaratti,8.84520280436206,66.50424004013053,0.0,IN,1522684142.0,100.0,84.23,6.17
504,Mitsamiouli,-9.304772297015205,45.47380883237227,20.0,KM,1522681200.0,66.0,86.0,11.41
505,Beira,-19.49477261353374,35.51723790490121,20.0,MZ,1522681200.0,69.0,82.4,8.08
506,Minab,27.33506968026839,57.68976545649076,0.0,IR,1522681200.0,74.0,78.8,13.87
507,Tres Palos,18.341817444825466,-101.66245669831882,40.0,MX,1522680300.0,65.0,80.6,4.7
508,Russell,-31.031304458352082,177.25241011930353,20.0,NZ,1522684152.0,83.0,50.21,2.59
509,Pacific Grove,27.517921727667783,-132.3855062767869,90.0,US,1522683300.0,81.0,52.25,8.05
510,Chenghai,23.52339017976435,117.357800404378,0.0,CN,1522681200.0,83.0,71.6,6.71
511,Mayskiy,49.21820204665937,139.48573142939472,90.0,RU,1522681200.0,100.0,42.8,2.24
512,Hamilton,31.65387861586254,-67.93620291860489,20.0,BM,1522680900.0,73.0,69.8,6.93
513,Sedlcany,49.705333149881,14.388460874107011,0.0,CZ,1522683000.0,40.0,52.83,8.05
514,Flin Flon,55.482855998475515,-100.13452033618782,20.0,CA,1522681200.0,57.0,-11.21,3.36
515,Cap Malheureux,-12.384029650088578,60.31848317821115,75.0,MU,1522681200.0,78.0,82.4,4.7
517,Yar-Sale,72.05287744150152,70.43286908300391,48.0,RU,1522684146.0,75.0,0.53,14.56
518,Mahibadhoo,4.588822158084511,63.84484324136156,56.0,MV,1522684155.0,100.0,84.23,6.29
519,Pisco,-20.12409658758166,-83.77909250476219,20.0,PE,1522681200.0,78.0,73.4,8.05
520,Alyangula,-15.842516783122264,136.77707143175326,8.0,AU,1522684155.0,98.0,85.13,4.83
521,Zhigalovo,54.26000325083578,105.0360135668052,64.0,RU,1522684147.0,56.0,15.29,3.6
522,Westport,-39.23283570868114,166.85234845240575,92.0,NZ,1522684147.0,100.0,56.87,2.59
524,Shafter,35.60446091276597,-119.14867900132751,1.0,US,1522680960.0,63.0,56.8,2.82
525,El Paujil,1.3483707046040507,-75.15447426084302,80.0,CO,1522684148.0,90.0,71.27,2.48
526,Ucluelet,46.27423810126257,-128.87089417648647,20.0,CA,1522681200.0,86.0,33.8,3.36
528,Kambove,-10.665209988223893,25.741290189026586,0.0,CD,1522684148.0,74.0,73.52,6.96
529,Okhotsk,57.8307656272074,141.66887265576412,24.0,RU,1522684148.0,84.0,25.46,19.48
531,Narasannapeta,17.738415335987668,84.89301729959675,0.0,IN,1522684149.0,85.0,76.85,3.71
533,Inirida,2.9292030856022535,-66.5845848606388,0.0,CO,1522684149.0,79.0,83.87,2.37
536,Saint-Pierre,39.07636178624833,-56.283721568086534,75.0,PM,1522681200.0,64.0,37.4,26.4
537,Islampur,25.06344233803101,85.14846396579367,32.0,IN,1522684150.0,92.0,68.93,5.84
538,Pundaguitan,5.424636043750112,127.46691157308572,48.0,PH,1522684150.0,100.0,80.09,2.37
539,Cermik,38.10971166437375,39.1688618075697,75.0,TR,1522680600.0,34.0,68.0,13.87
540,Sahbuz,39.18294667920861,45.42471858897002,20.0,AZ,1522681200.0,39.0,66.2,2.24
542,Gaziantep,36.95613293248748,37.2781557838442,0.0,TR,1522682400.0,39.0,67.33,10.29
543,Christchurch,-50.40362761182228,178.13629887209783,92.0,NZ,1522683000.0,72.0,64.4,4.7
545,Kaeo,-26.256251323427612,176.54757318047865,20.0,NZ,1522684151.0,83.0,50.21,2.59
546,Omboue,-4.122329173750018,5.813352553502256,64.0,GA,1522684159.0,100.0,80.63,10.65
548,Farsund,57.700485056024775,6.725731963861108,0.0,NO,1522684151.0,92.0,38.87,6.73
550,Ferme-Neuve,46.90604558272952,-75.5707962798106,0.0,CA,1522684151.0,67.0,26.9,5.39
551,Port Arthur,28.02999683180839,-93.03151578217128,75.0,US,1522682100.0,88.0,75.2,8.05
552,Burnie,-45.36482572414019,140.4309134376619,48.0,AU,1522684160.0,100.0,61.37,19.48
553,Shahr-e Kord,32.57883115973782,50.81016207609656,0.0,IR,1522681200.0,2.0,60.8,13.87
554,Vanavara,60.77696466253096,103.59359538805433,68.0,RU,1522684161.0,59.0,16.91,7.85
555,Port-Gentil,0.14607697304356293,4.819988857650429,90.0,GA,1522681200.0,94.0,78.8,9.17
556,Concepcion del Uruguay,-32.52811780885548,-58.71639199373996,12.0,AR,1522684161.0,74.0,75.14,6.51
558,Sao Francisco,-16.348355920094136,-45.25109844189819,75.0,BR,1522681200.0,78.0,77.0,5.82
559,Klyuchi,53.86608479708241,161.19804114043626,88.0,RU,1522684154.0,87.0,26.63,9.19
560,Kropotkin,59.52029152280264,115.33385360297962,24.0,RU,1522684154.0,77.0,65.42,1.03
561,Lima,-14.92137970794613,-82.39418537430237,12.0,PE,1522684009.0,74.0,66.95,2.15
562,Sao Joao da Barra,-33.66199203446583,-25.554253676765086,0.0,BR,1522684154.0,95.0,81.44,16.8
563,Campeche,19.994863273176236,-90.41759750747211,20.0,MX,1522680420.0,69.0,80.6,16.11
564,Wasilla,63.28742667548693,-150.10622909735693,1.0,US,1522680960.0,34.0,30.47,11.41
565,Kijang,0.11331576041848734,104.18163464438152,0.0,ID,1522684163.0,92.0,81.89,9.98
567,Bubaque,9.727576556113831,-19.42620174625918,0.0,GW,1522681200.0,18.0,98.6,10.29
568,Omsukchan,65.78616086201268,157.14665423726086,80.0,RU,1522684156.0,88.0,23.48,8.63
570,Hervey Bay,-22.75470306476106,156.94514894687478,68.0,AU,1522684156.0,97.0,75.95,13.44
571,Vung Tau,8.533590232812031,108.51796095512748,20.0,VN,1522683000.0,78.0,80.6,8.05
572,Thunder Bay,49.58648368179408,-88.60731427801312,75.0,CA,1522681200.0,62.0,19.4,10.29
573,Tyukalinsk,55.9395183765246,72.13189738795958,24.0,RU,1522684156.0,96.0,26.99,9.75
574,Ashland,41.83910753666808,-122.30740592651938,90.0,US,1522682100.0,86.0,38.34,6.93
575,Lons,43.427425348420684,-0.43419207241208824,0.0,FR,1522683000.0,55.0,62.11,8.05
576,Norman Wells,63.23844711890786,-127.51826122840646,75.0,CA,1522681200.0,71.0,8.6,19.46
577,Yunyang,33.77651645611425,112.18078889233601,0.0,CN,1522684157.0,84.0,56.15,2.37
578,Sampit,-3.2203273036821685,112.82768699612387,68.0,ID,1522684158.0,97.0,72.62,5.95
579,Hasaki,30.17324709703081,153.85630021641225,75.0,JP,1522681200.0,82.0,54.34,4.7
580,Moose Factory,51.55905630180328,-80.42955298761875,90.0,CA,1522683600.0,78.0,8.6,8.05
581,Dao,10.5508371760734,121.82893165118782,36.0,PH,1522684158.0,93.0,70.37,2.59
582,Zonguldak,43.37081528760956,32.20631544471095,0.0,TR,1522684159.0,70.0,51.02,6.96
584,Mozarlandia,-14.819766619195022,-51.3836649542221,0.0,BR,1522684167.0,82.0,87.2,4.72
585,Matay,27.588957626120802,29.69142295810329,0.0,EG,1522684168.0,23.0,83.15,10.98
586,Garowe,7.831687908546684,48.771742741136194,48.0,SO,1522683900.0,47.0,87.38,5.73
587,Charters Towers,-20.141448579430957,146.2336502178992,88.0,AU,1522684160.0,93.0,71.99,13.67
588,Xinzhou,31.005863599428295,114.63555427030695,0.0,CN,1522684168.0,65.0,53.36,2.37
589,Tolaga Bay,-39.34768649881323,179.25953467419345,12.0,NZ,1522684160.0,81.0,53.0,5.17
590,Grand-Santi,4.458024300575104,-54.72865161011188,92.0,GF,1522684169.0,100.0,71.09,2.93
591,Nanakuli,18.3468557360315,-160.1010606472747,75.0,US,1522683900.0,100.0,71.65,5.82
592,Turayf,32.04015553305997,39.925477937630234,0.0,SA,1522681200.0,18.0,80.6,2.24
593,Itarema,-2.1906860754744315,-39.50238661544634,80.0,BR,1522684161.0,86.0,82.97,10.42
594,Wuan,36.92161730002357,114.18791795394213,0.0,CN,1522684162.0,70.0,68.93,8.41
596,Zaporizhzhya,47.92110478770866,34.97298780732879,75.0,UA,1522682760.0,100.0,46.15,6.71
597,Namatanai,6.258036340351225,158.26082324284113,68.0,PG,1522684170.0,100.0,81.62,8.3
599,Petropavlovka,50.28007503557953,40.9122134265516,48.0,RU,1522684171.0,53.0,14.12,3.27
600,Wagar,17.072332753627663,36.316456294559714,0.0,SD,1522684163.0,25.0,95.57,8.3
601,Berlevag,73.28495125041854,29.981154542884582,20.0,NO,1522680600.0,73.0,25.66,3.36
602,Mpongwe,-13.47690255892583,28.212542412207426,56.0,ZM,1522684172.0,59.0,77.57,7.4
603,Jurm,37.58691433192392,70.83101283829814,76.0,AF,1522684172.0,96.0,33.29,1.7
604,Guozhen,34.3203396078528,107.78129454879053,0.0,CN,1522684173.0,91.0,65.6,4.94
605,Pontianak,-0.7219831326669492,108.26150382648223,20.0,ID,1522684165.0,94.0,79.19,5.06
606,Grand Island,41.98876146419312,-98.65581866780889,90.0,US,1522682100.0,86.0,25.52,18.34
607,Shimoda,28.08777858101189,141.15825789066196,0.0,JP,1522684165.0,100.0,62.45,8.3
608,Tairua,-36.6891621993971,176.3573061142095,8.0,NZ,1522683963.0,85.0,52.28,2.93
609,Tura,67.909114575595,102.02282505531878,68.0,RU,1522684165.0,60.0,9.71,6.17
610,Songea,-10.929525470314616,36.30134529461591,80.0,TZ,1522683958.0,89.0,69.47,2.59
611,Maumere,-8.00401934311573,122.61268289067908,12.0,ID,1522684165.0,100.0,81.62,3.71
612,La Paz,24.80369742175411,-109.68748407240408,5.0,MX,1522680120.0,72.0,60.8,8.05
613,Puro,18.085522088203206,118.04646921207137,80.0,PH,1522684166.0,99.0,74.42,2.37
614,Katobu,-6.24439382594224,122.72254453402422,12.0,ID,1522684174.0,92.0,83.15,6.96
615,Pecos,31.141403493111795,-103.60590953478273,1.0,US,1522682100.0,58.0,53.6,4.27
616,Itoman,22.80651788518594,129.87923102888675,40.0,JP,1522681200.0,64.0,64.0,4.7
617,Bourail,-26.086151369932182,162.3669363634222,92.0,NC,1522684167.0,85.0,74.87,4.72
618,Cherskiy,81.3852165553256,161.1323861277911,0.0,RU,1522684167.0,72.0,21.41,7.18
619,Cutervo,-6.1609209626781904,-79.09862818887972,92.0,PE,1522684167.0,95.0,55.88,2.15
620,Barra,-11.618228314943323,-43.21859977499082,0.0,BR,1522684168.0,62.0,86.93,10.76
621,Kaabong,3.820681057424096,33.809579298824815,48.0,UG,1522684177.0,57.0,76.49,7.29
622,Chifeng,45.177211032004465,118.60645421470895,92.0,CN,1522684169.0,66.0,34.82,11.77
623,Tezu,31.381568246902134,96.54799328977629,0.0,IN,1522684169.0,56.0,62.72,1.92
624,Fort Nelson,58.82652787793654,-122.20435226014308,75.0,CA,1522681200.0,66.0,10.4,3.49
625,Bajil,15.893180033310728,43.305539634662836,80.0,YE,1522684169.0,41.0,88.73,4.72
627,Kurilsk,43.643759464696586,147.63256331812863,32.0,RU,1522684169.0,93.0,30.59,14.56
628,Snyder,33.48311165238127,-100.27811250419654,90.0,US,1522682100.0,93.0,39.42,3.36
629,Mabaruma,8.55611319029589,-60.345049506005424,48.0,GY,1522684178.0,93.0,79.46,6.17
630,Pleasanton,28.887587420497454,-98.1325609237576,75.0,US,1522683600.0,87.0,53.44,13.87
631,Biltine,14.577270060989207,20.67152995126935,0.0,TD,1522684170.0,14.0,97.55,4.61
632,Bria,5.957154452743495,22.718346792640546,0.0,CF,1522684171.0,43.0,92.6,5.28
634,Tanabe,31.358306891309326,135.65732078965738,0.0,JP,1522684179.0,82.0,53.18,3.38
635,Jimo,35.902969224464,121.63169778330473,76.0,CN,1522681200.0,82.0,64.4,8.95
636,Pau Brasil,-15.352097743379687,-39.44843165493836,32.0,BR,1522684180.0,67.0,85.58,5.95
637,Dengzhou,38.42481622580797,120.62389460147347,0.0,CN,1522684171.0,70.0,67.76,9.64
638,Ziway,7.805401401342152,38.73263560867821,64.0,ET,1522684172.0,96.0,60.02,3.15
640,Jiuquan,37.86185558529294,98.35025096299148,8.0,CN,1522684172.0,57.0,31.58,3.15
641,Cabedelo,-6.03359001353526,-32.299947940264445,32.0,BR,1522684172.0,88.0,84.23,10.65
643,Port Blair,13.950738969627608,88.44019926862268,48.0,IN,1522684172.0,100.0,84.23,7.18
644,Dafeng,33.76267495051462,121.94421752934295,32.0,CN,1522684172.0,80.0,63.17,11.43
645,Ranir Bazar,23.924644129009764,91.38684830733143,48.0,IN,1522684181.0,75.0,76.22,5.95
646,Nishihara,20.84891280205069,133.7105646941793,90.0,JP,1522681200.0,77.0,59.0,6.93
647,Boca do Acre,-9.250436841261944,-66.77326052368203,8.0,BR,1522684181.0,75.0,86.12,2.93
648,Gryazi,52.333260659390845,40.01962369145127,88.0,RU,1522684173.0,91.0,34.19,14.67
649,Carira,-10.358461878088846,-37.71081745393994,0.0,BR,1522684174.0,43.0,91.7,9.86
650,Les Cayes,15.37451297937639,-73.14958220741735,0.0,HT,1522684174.0,100.0,78.65,5.06
652,Zurrieq,34.73174286062287,14.62609559571544,20.0,MT,1522682100.0,63.0,60.8,6.93
653,Baoqing,46.69173018564004,133.06563656070603,92.0,CN,1522684175.0,41.0,46.07,11.77
654,Gander,48.57075391711146,-54.60085740101681,40.0,CA,1522681200.0,47.0,37.4,23.04
655,Lar,27.18141758902061,54.224635474466396,75.0,IR,1522681200.0,29.0,77.0,6.93
656,Borogontsy,62.84196829563649,130.8850971804137,80.0,RU,1522684072.0,92.0,22.76,2.37
657,Muisne,3.1136340635732154,-84.61378438137065,80.0,EC,1522684175.0,91.0,77.48,3.6
658,Vrangel,40.008094271582394,133.45070355244468,88.0,RU,1522684175.0,95.0,35.36,6.17
659,Carthage,37.1819528808912,-93.95225795951042,90.0,US,1522682100.0,82.0,64.45,3.6
661,Beyneu,43.529551399305404,56.51550970417901,0.0,KZ,1522684185.0,43.0,50.39,15.9
662,Baie-Comeau,51.62204727238387,-68.88360225344742,1.0,CA,1522681200.0,29.0,21.96,6.93
663,Oktyabrskiy,52.25077235278789,153.65456323330125,75.0,RU,1522681200.0,96.0,39.22,20.13
666,Panaba,25.085704838090706,-88.00671185598904,0.0,MX,1522684178.0,59.0,83.42,5.95
667,Varkkallai,8.597357956236962,76.61013091798054,20.0,IN,1522681200.0,74.0,86.0,3.36
669,Monastyrshchina,54.389232702326495,31.883724427424568,80.0,RU,1522684178.0,88.0,37.7,17.36
670,Mugango,-1.3479397301547493,33.27161059084483,0.0,TZ,1522684178.0,100.0,72.08,2.04
671,College,66.52374609664022,-149.1109612403145,1.0,US,1522681080.0,84.0,-2.93,5.5
672,Mahajanga,-15.696636962094061,43.66296038233463,40.0,MG,1522681200.0,74.0,86.0,11.41
673,Coihaique,-45.77833427819207,-74.10994836278272,75.0,CL,1522681200.0,52.0,62.35,8.05
674,Zhezkazgan,47.581943263752436,69.01212028176545,0.0,KZ,1522684179.0,65.0,33.83,10.65
675,Nyurba,63.13262407804038,117.95089040763821,8.0,RU,1522684180.0,54.0,3.95,4.72
676,Nizhniy Tsasuchey,49.759548542197166,115.49594010787058,0.0,RU,1522684188.0,29.0,20.33,17.69
677,Nushki,29.12816436077621,65.67449455528575,0.0,PK,1522684180.0,27.0,71.9,7.18
678,Tumkur,13.324927427385802,77.21253531749767,75.0,IN,1522683000.0,94.0,71.6,4.27
680,Padang,-10.08609188788273,88.8670070730401,20.0,ID,1522684189.0,100.0,82.43,4.94
681,Coro,11.376102838495967,-69.95308507555931,20.0,VE,1522681200.0,58.0,86.0,6.73
682,North Platte,40.43816176706625,-100.72802937139362,1.0,US,1522680780.0,73.0,26.6,14.99
684,Bodden Town,16.522177669740827,-80.36925346810084,40.0,KY,1522681200.0,66.0,84.2,12.75
685,Kangaatsiaq,70.08580035261292,-54.99600283645445,48.0,GL,1522684182.0,100.0,21.23,4.94
686,Samarai,-10.756109405015394,151.31539312036523,36.0,PG,1522684182.0,100.0,81.89,9.31
688,Oussouye,10.681444612507946,-19.711128009965933,0.0,SN,1522681200.0,51.0,90.63,6.93
689,Basco,21.240936120607017,124.12336429930531,56.0,PH,1522684183.0,100.0,76.85,14.12
690,Lokosovo,60.69984371480845,75.37591619357468,68.0,RU,1522684183.0,88.0,16.37,8.08
691,Kyabe,9.422547696179663,18.97970089863378,0.0,TD,1522684183.0,18.0,102.23,4.72
692,Punta Alta,-38.74871199367543,-61.22840687922927,75.0,AR,1522681200.0,83.0,74.3,2.93
693,Buzmeyin,39.187392148432025,58.36788914177288,20.0,TM,1522681200.0,51.0,60.8,6.93
694,Lyubech,51.78145434996367,30.402380800346634,80.0,UA,1522684184.0,76.0,41.3,17.81
695,Lumphat,12.923203329955328,106.72682037900427,56.0,KH,1522684184.0,76.0,77.66,1.14
696,Lashio,23.846165684821486,99.26132772647793,44.0,MM,1522684184.0,89.0,66.32,0.81
697,Thaba-Tseka,-30.114671570819553,28.501708662061134,100.0,LS,1522684185.0,34.0,64.43,1.59
698,Rozhyshche,50.81974090260002,25.048878649492735,80.0,UA,1522684193.0,89.0,37.79,21.5
699,Athabasca,56.56937709182574,-112.6356522269778,0.0,CA,1522684185.0,53.0,-1.18,2.93
701,Zhuravka,50.42706090697848,32.43271488394936,92.0,UA,1522684185.0,71.0,56.15,6.62
702,Sola,-11.612663542067608,171.41384702027483,92.0,VU,1522684186.0,100.0,77.93,11.1
703,Vestmanna,67.15108570737482,-8.109255921196109,48.0,FO,1522682400.0,100.0,32.0,16.11
704,Hayden,47.75579840354061,-116.83776507573216,1.0,US,1522682100.0,63.0,30.18,6.93
705,Shangrao,28.12201306320968,118.53985910437558,88.0,CN,1522684186.0,98.0,62.09,2.71
706,Minggang,32.43214365933905,113.64698158725872,0.0,CN,1522684186.0,75.0,66.77,6.17
707,Diamantino,-13.612985019280373,-55.89951079555772,56.0,BR,1522684186.0,94.0,81.35,3.94
708,Fujinomiya,35.33699149220034,138.4050513065513,8.0,JP,1522684186.0,98.0,36.98,1.92
709,Roblin,51.658004792557136,-101.24003137551048,56.0,CA,1522684195.0,91.0,2.51,5.28
710,Serebryansk,49.64167163961963,83.12224650003776,90.0,KZ,1522681200.0,80.0,30.2,1.92
711,Port Lincoln,-48.4995312702954,128.17664447455513,100.0,AU,1522684187.0,96.0,62.63,6.51
712,Tekeli,44.456594887017644,79.0726927688878,0.0,KZ,1522684196.0,85.0,28.7,1.92
713,Seoul,39.36039799425751,128.78129298274888,75.0,KR,1522681200.0,67.0,57.88,4.7
714,Cotonou,4.452822154276262,2.830532885911225,20.0,BJ,1522681200.0,79.0,87.8,16.11
715,Truth or Consequences,33.21956863132776,-107.85667337804688,1.0,US,1522680780.0,15.0,59.0,5.82
716,Askiz,53.14597684969874,90.21780968997359,20.0,RU,1522684197.0,67.0,9.35,1.14
717,Conceicao da Barra,-18.403060372593387,-39.704557428586554,12.0,BR,1522684197.0,80.0,83.6,7.07
719,Listvyanskiy,54.16912545015859,83.96124410395697,76.0,RU,1522684198.0,90.0,25.64,12.55
721,Bowen,-20.62035566257866,148.4724429456997,90.0,AU,1522681200.0,94.0,73.4,10.29
722,Mareeba,-16.241618405534837,141.94559875615283,75.0,AU,1522683000.0,94.0,75.2,4.7
723,Manitouwadge,49.68088691450831,-85.67525700412843,75.0,CA,1522681200.0,61.0,15.8,9.17
724,Kamina,-9.322760092645481,24.588212744385714,0.0,CD,1522684191.0,59.0,83.06,8.41
725,Nacala,-14.19730020652338,41.77667611467052,20.0,MZ,1522684200.0,88.0,84.41,7.63
728,Turochak,52.58483043383805,87.11879684340954,48.0,RU,1522684200.0,76.0,17.54,2.26
729,Ntungamo,-0.7968052879729584,29.15694057511044,44.0,UG,1522684192.0,86.0,73.97,3.71
730,Ust-Maya,59.09268400446399,133.3757159560286,80.0,RU,1522684192.0,86.0,23.21,3.15
731,Follonica,42.92778229961121,10.773042642329102,40.0,IT,1522680900.0,67.0,56.25,13.87
732,Bukachacha,54.71592523852138,116.46946316369684,12.0,RU,1522684193.0,29.0,19.79,8.97
733,Ferma,57.91124901736015,56.36672101404443,0.0,RU,1522681200.0,59.0,33.8,6.71
734,Mashhad,36.75781435691296,60.0739081062392,0.0,IR,1522681200.0,62.0,51.8,9.17
735,Dergachi,51.20266295663015,49.00184110817878,0.0,RU,1522684193.0,93.0,37.25,15.79
736,Los Llanos de Aridane,26.898251415626248,-25.148117479844217,40.0,ES,1522683000.0,60.0,71.6,10.29
737,Jinchang,39.43554661187315,103.1116335879172,24.0,CN,1522684194.0,52.0,40.13,4.16
738,Kaupanger,61.524938878759855,7.2102708724794695,20.0,NO,1522680600.0,76.0,32.0,3.36
739,Cockburn Town,22.050670784356484,-68.32183629680195,80.0,TC,1522684194.0,100.0,75.32,11.32
740,Litovko,49.83546556366022,134.37940567651992,36.0,RU,1522684203.0,50.0,36.89,10.2
741,Jian,27.36030417246532,115.29378700638836,8.0,CN,1522684195.0,94.0,66.95,4.94
742,Nelson,49.57100802417327,-117.4050043369623,90.0,CA,1522682280.0,86.0,33.8,8.05
743,Santa Rosalia,27.52730309322999,-111.62201301685468,40.0,MX,1522680060.0,21.0,71.6,4.7
744,Jaru,-10.211442735326742,-62.01992108822296,56.0,BR,1522684195.0,80.0,82.97,2.59
745,Tazovskiy,66.91831087556443,80.64440376439933,56.0,RU,1522684204.0,78.0,-0.64,17.36
746,Takoradi,-2.2195055626177407,-0.29187113494540995,44.0,GH,1522684166.0,90.0,84.14,11.1
747,Cockburn Town,26.778142562757225,-71.65628398152019,56.0,BS,1522684196.0,95.0,76.4,11.77
748,San Javier,-15.583920269094435,-61.82099331387279,75.0,BO,1522681200.0,83.0,77.0,13.87
749,Mao,14.584837632177539,15.003100635978171,0.0,TD,1522684197.0,11.0,100.79,7.63
751,Bandarbeyla,5.07990947263275,57.39513628082506,44.0,SO,1522684197.0,100.0,80.45,10.98
752,Uruzgan,32.05631495562088,67.36814883100087,92.0,AF,1522684197.0,25.0,58.85,4.94
753,Novopokrovka,45.674027602672254,135.3058707161906,88.0,RU,1522684206.0,95.0,46.43,8.19
754,Sechura,-11.676161590793157,-89.03624104644089,24.0,PE,1522684206.0,75.0,75.86,3.94
755,Mumford,1.6466417111105187,0.4203861900773518,32.0,GH,1522684198.0,84.0,85.58,12.77
756,Bettiah,26.871040967415823,84.33233305041762,32.0,IN,1522684198.0,50.0,79.46,7.07
757,Ballina,-29.98372011072371,158.99572306031018,92.0,AU,1522684198.0,100.0,72.98,5.95
758,Mecca,22.296971037255773,41.98329206690593,0.0,SA,1522681200.0,49.0,91.4,4.7
759,Beloha,-33.37790046663641,40.840924411781,44.0,MG,1522684199.0,55.0,84.32,12.55
760,Preobrazheniye,40.415993070132544,134.56496072258642,48.0,RU,1522684207.0,92.0,35.45,1.92
761,Jiaozuo,35.58204102434401,113.46659400916366,0.0,CN,1522684199.0,64.0,55.07,1.92
762,Sinjar,36.460772080181954,42.044677806337745,0.0,IQ,1522684199.0,16.0,78.74,4.5
763,Meulaboh,3.1728638754401004,95.98660217518358,44.0,ID,1522684200.0,100.0,80.9,5.73
764,Bonawon,9.000678296913364,122.65057524274846,0.0,PH,1522681200.0,94.0,77.0,3.71
